{
  "importances": [
    0.183655247092247,
    0.0,
    0.0,
    0.06587719917297363,
    0.0,
    0.10750772804021835,
    0.13553105294704437,
    0.14853528141975403,
    0.3588935136795044
  ],
  "weights": {
    "flux_peak": 0.736,
    "chord_novelty": 0.0,
    "cadence_score": 0.0,
    "repetition_break": 0.264,
    "duration_prior": 0.0
  }
}