{
  "importances": [
    0.10811493545770645,
    0.0,
    0.0,
    0.25281184911727905,
    0.0,
    0.12096718698740005,
    0.14654359221458435,
    0.1488496959209442,
    0.22271274030208588
  ],
  "weights": {
    "flux_peak": 0.2995,
    "chord_novelty": 0.0,
    "cadence_score": 0.0,
    "repetition_break": 0.7005,
    "duration_prior": 0.0
  }
}