{
  "importances": [
    0.06262577325105667,
    0.0,
    0.0,
    0.0,
    0.0,
    0.5039443373680115,
    0.1615239977836609,
    0.1685100644826889,
    0.10339586436748505
  ],
  "weights": {
    "flux_peak": 1.0,
    "chord_novelty": 0.0,
    "cadence_score": 0.0,
    "repetition_break": 0.0,
    "duration_prior": 0.0
  }
}