{
  "importances": [
    0.16258765757083893,
    0.0,
    0.0,
    0.0,
    0.0,
    0.1568145453929901,
    0.16841229796409607,
    0.20796436071395874,
    0.30422112345695496
  ],
  "weights": {
    "flux_peak": 1.0,
    "chord_novelty": 0.0,
    "cadence_score": 0.0,
    "repetition_break": 0.0,
    "duration_prior": 0.0
  }
}